Admin ID,First Name,Last Name,Email,Age,Birthday,Password
A0,Rochelle,Ashby,Rochelle.Ashby@uwimona.edu.jm,39,1983-11-24,b3LVdqbCaRJ
A1,Leonard,Brown,Leonard.Brown@uwimona.edu.jm,33,1989-10-04,GkNEIOLoQdyLGb7
A2,Wilson,Capp,Wilson.Capp@uwimona.edu.jm,30,1992-05-16,5XAMOqEuOZeUlwXT
A3,Kim,Merkel,Kim.Merkel@uwimona.edu.jm,31,1991-06-11,f9bEhMUr
A4,Patrick,Beran,Patrick.Beran@uwimona.edu.jm,40,1982-07-27,EdQtww1YW
A5,Alan,Lash,Alan.Lash@uwimona.edu.jm,35,1987-12-06,JVk4iwsuGuBa
A6,Thomas,Johnson,Thomas.Johnson@uwimona.edu.jm,30,1992-08-28,AArGGuZHbWbLbLx1
A7,Erica,Harcourt,Erica.Harcourt@uwimona.edu.jm,34,1988-07-30,MjtCYw6Q
A8,Scott,Banda,Scott.Banda@uwimona.edu.jm,38,1984-07-02,7MR6J2OG
A9,Michael,Davis,Michael.Davis@uwimona.edu.jm,33,1989-05-03,ec4Jq4Zt6QTqjUE
A10,James,Meneses,James.Meneses@uwimona.edu.jm,33,1989-05-01,CmF5vczfQMdFvNs
A11,Emory,Ollis,Emory.Ollis@uwimona.edu.jm,32,1990-12-19,4OwZLvIWIU6N
A12,Amanda,Daniels,Amanda.Daniels@uwimona.edu.jm,38,1985-03-18,iTJC3vLyELVYyV
A13,Michael,Picton,Michael.Picton@uwimona.edu.jm,40,1982-12-15,riD4oNp738C4
A14,Jacque,Dambrosio,Jacque.Dambrosio@uwimona.edu.jm,35,1987-06-07,mZnQxtPpJ
A15,Drew,Maxwell,Drew.Maxwell@uwimona.edu.jm,34,1988-05-29,zVw4e090
A16,Joshua,Ritschard,Joshua.Ritschard@uwimona.edu.jm,31,1991-07-05,phAFf4SY77CB10gY
A17,Kevin,White,Kevin.White@uwimona.edu.jm,36,1986-11-25,Ya0iVqqwRDkNj4UJ
A18,Darlene,Powell,Darlene.Powell@uwimona.edu.jm,38,1984-12-21,i9FldpRip33JEEb
A19,Mildred,Vizcarra,Mildred.Vizcarra@uwimona.edu.jm,39,1984-03-26,Vadk3CSKFNsAK
