Lecturer ID,First Name,Last Name,Email,Age,Birthday,Password
L0,Linda,Desjardins,Linda.Desjardins@uwimona.edu.jm,36,1986-04-24,CrFyNvBpOGd
L1,Alton,Parent,Alton.Parent@uwimona.edu.jm,32,1990-12-18,DzQt3XTt
L2,Ellen,Johnson,Ellen.Johnson@uwimona.edu.jm,40,1982-06-04,2wQhcSTo
L3,Michael,Lowe,Michael.Lowe@uwimona.edu.jm,35,1987-05-10,voY9C9ytLPwvznK7
L4,Matthew,Duley,Matthew.Duley@uwimona.edu.jm,36,1986-05-18,tBJeoDOe
L5,Derrick,Kryst,Derrick.Kryst@uwimona.edu.jm,40,1983-01-03,NAQjQROhfIYBSIVf
L6,Dorothea,Mcmullin,Dorothea.Mcmullin@uwimona.edu.jm,31,1991-06-12,XPfxCwlNSghElaRo
L7,Stacy,Mcculla,Stacy.Mcculla@uwimona.edu.jm,40,1983-03-05,NZYQD0q6Z7U
L8,Beverly,Vargas,Beverly.Vargas@uwimona.edu.jm,32,1991-03-25,mPZSt1Y6zgRwY
L9,Wesley,Wooldridge,Wesley.Wooldridge@uwimona.edu.jm,31,1991-11-29,3VGpxKupreDY
L10,Harold,Landrum,Harold.Landrum@uwimona.edu.jm,31,1991-08-16,bfGrZdIB
L11,Salvador,Ferguson,Salvador.Ferguson@uwimona.edu.jm,38,1984-08-11,XFwbBCU6J
L12,Brenda,Robbins,Brenda.Robbins@uwimona.edu.jm,32,1991-01-12,IRYWdKson
L13,Virginia,Ryan,Virginia.Ryan@uwimona.edu.jm,30,1992-08-22,lzjTa7kEzWAMs
L14,Janette,Germany,Janette.Germany@uwimona.edu.jm,38,1985-03-15,jIFpCt7COHm
L15,Debra,Fleek,Debra.Fleek@uwimona.edu.jm,31,1991-11-21,CGES8jzM4f6MyY6
L16,Theodore,Rosenfeld,Theodore.Rosenfeld@uwimona.edu.jm,38,1984-10-21,ry0czi3cXML8
L17,Michael,Phillips,Michael.Phillips@uwimona.edu.jm,30,1992-08-01,82WTFmfywdeZ
L18,Babette,Taylor,Babette.Taylor@uwimona.edu.jm,37,1985-11-29,kpoIB77Zd
L19,Judy,Phillips,Judy.Phillips@uwimona.edu.jm,38,1984-08-10,BhDrIRnEL
L20,Steve,Bulter,Steve.Bulter@uwimona.edu.jm,32,1990-11-19,3A17smi0BR
L21,Joesph,Williams,Joesph.Williams@uwimona.edu.jm,31,1992-01-06,iIBpbQQpsEI3BVH
L22,Brenda,Plessinger,Brenda.Plessinger@uwimona.edu.jm,34,1988-10-25,IHJOwYgj78jwr
L23,Megan,Passarelli,Megan.Passarelli@uwimona.edu.jm,31,1991-12-20,8umWqLte8VLN
L24,Martin,Barberio,Martin.Barberio@uwimona.edu.jm,30,1992-05-24,bWEKYro7Ci8l493
L25,James,Dial,James.Dial@uwimona.edu.jm,30,1992-10-04,Z9apfjS2Gy
L26,Traci,Miranda,Traci.Miranda@uwimona.edu.jm,39,1983-05-11,emfdVa5Q
L27,Alyssa,Mcneil,Alyssa.Mcneil@uwimona.edu.jm,30,1992-10-21,oQYOeG2sGzNW
L28,Debra,Courtwright,Debra.Courtwright@uwimona.edu.jm,33,1989-06-13,0thT2xHb6
L29,Gerald,Hudson,Gerald.Hudson@uwimona.edu.jm,36,1987-01-14,CcGj9k0kBG
L30,Karleen,May,Karleen.May@uwimona.edu.jm,36,1987-01-02,IjFipRsunql1n
L31,Donna,Fagundes,Donna.Fagundes@uwimona.edu.jm,36,1986-06-27,jdlVOsXM
L32,Linda,Mccrary,Linda.Mccrary@uwimona.edu.jm,38,1984-07-13,qKtMMt8tPQwrCE
L33,Stephen,Carroll,Stephen.Carroll@uwimona.edu.jm,39,1983-07-11,Z6CmqQ69Q5z5Hz
L34,Mary,Payne,Mary.Payne@uwimona.edu.jm,38,1984-12-18,Fk3hXsGFd5
L35,David,Cook,David.Cook@uwimona.edu.jm,32,1991-01-09,8qLTAQ9Gk4
L36,Jonathan,Robbins,Jonathan.Robbins@uwimona.edu.jm,32,1990-09-22,ENEz8T4B6PEJ
L37,Todd,Murray,Todd.Murray@uwimona.edu.jm,36,1987-01-24,mtR2AiPLh
L38,Mark,Gardner,Mark.Gardner@uwimona.edu.jm,32,1990-05-06,BLxU7jLd1kIJ2Ew
L39,Anamaria,Brink,Anamaria.Brink@uwimona.edu.jm,38,1985-03-11,VdD8875EDbJ3sLUk
L40,Salvatore,Stanley,Salvatore.Stanley@uwimona.edu.jm,32,1990-08-08,76tuoIgvxnBL
L41,Joann,Davis,Joann.Davis@uwimona.edu.jm,36,1987-02-23,zSvJwIVKWxM3E
L42,Michael,Sturgill,Michael.Sturgill@uwimona.edu.jm,38,1985-01-17,77jZKhQ8r
L43,Jesus,Mulkey,Jesus.Mulkey@uwimona.edu.jm,37,1985-08-28,7Vh786S9
L44,Susan,Lott,Susan.Lott@uwimona.edu.jm,32,1990-10-06,56NAjIpI17tuKlF
L45,James,Degraff,James.Degraff@uwimona.edu.jm,33,1990-02-09,5LsVVl80
L46,Dollie,Richardson,Dollie.Richardson@uwimona.edu.jm,33,1989-08-16,4e6fqCNrg
L47,Charles,Newborn,Charles.Newborn@uwimona.edu.jm,40,1982-06-02,OHJMj9gydR1k
L48,Lyle,Mcclurg,Lyle.Mcclurg@uwimona.edu.jm,39,1983-08-03,LZNYuB0ubh0bsSiG
L49,Harold,Dublin,Harold.Dublin@uwimona.edu.jm,35,1987-08-11,MFAFCSBq4urfpZys
L50,James,Ward,James.Ward@uwimona.edu.jm,34,1988-12-08,jRJRZi9iVPj
L51,Lonnie,Rogers,Lonnie.Rogers@uwimona.edu.jm,37,1985-06-16,tnFHCnlhiKsm
L52,Jerry,Scherzer,Jerry.Scherzer@uwimona.edu.jm,38,1984-07-30,yJYrqQRDrFr1PSD5
L53,Sonia,Stevens,Sonia.Stevens@uwimona.edu.jm,32,1990-08-28,eivICBanI
L54,Arlene,Weske,Arlene.Weske@uwimona.edu.jm,34,1989-01-09,pgxqUm2FrwUB9MNX
L55,Karen,Franks,Karen.Franks@uwimona.edu.jm,35,1988-02-15,wjmzpdQIlKk
L56,Corey,Mason,Corey.Mason@uwimona.edu.jm,38,1984-06-20,ELiKNyxVEM
L57,Emma,Stiefel,Emma.Stiefel@uwimona.edu.jm,37,1985-10-19,0ueEhAEbs3RG
L58,Benjamin,Thompson,Benjamin.Thompson@uwimona.edu.jm,30,1992-06-15,Sw1NvRgNvc8sxdA9
L59,Leola,Viviani,Leola.Viviani@uwimona.edu.jm,31,1992-03-20,F18OUb9e7XkA7OYS
